{
  "coord" : [
    [[0.999479, 0.894444], [0.999479, 0.922222]],
    [[0.99375, 0.92963], [0.976562, 0.95], [0.965104, 0.962963], [0.948958, 0.982407], [0.932292, 0.982407], [0.910937, 0.99537], [0.888542, 0.996296]],
    [[0.872396, 0.99537], [0.85625, 0.982407], [0.8375, 0.968519], [0.826562, 0.946296], [0.810417, 0.927778], [0.8, 0.916667], [0.785417, 0.892593]],
    [[0.777083, 0.892593], [0.755208, 0.892593], [0.744271, 0.901852], [0.727604, 0.911111], [0.715625, 0.925], [0.697917, 0.953704], [0.68125, 0.97037], [0.665104, 0.985185], [0.645312, 0.990741]],
    [[0.615104, 0.991667], [0.600521, 0.974074], [0.582812, 0.97037], [0.559375, 0.940741], [0.545312, 0.923148], [0.535937, 0.905556], [0.514583, 0.892593]],
    [[0.496875, 0.903704], [0.489063, 0.927778], [0.481771, 0.955556], [0.472396, 0.980556], [0.455208, 0.994444], [0.434896, 0.99537], [0.418229, 0.99537], [0.398438, 0.984259], [0.384896, 0.952778], [0.390625, 0.933333], [0.407813, 0.92963], [0.422396, 0.915741], [0.422396, 0.903704], [0.421875, 0.896296], [0.411458, 0.896296], [0.397917, 0.894444], [0.395833, 0.875], [0.382292, 0.875]]
  ],
  "duration_millis" : 9255
}
