{
  "coord" : [
    [[0.999479, 0.908333], [0.999479, 0.924074]],
    [[0.986979, 0.932407], [0.978646, 0.946296], [0.964063, 0.957407], [0.946875, 0.971296], [0.933333, 0.97963], [0.915104, 0.982407], [0.900521, 0.982407]],
    [[0.874479, 0.971296], [0.860938, 0.964815], [0.845313, 0.948148], [0.832292, 0.937037], [0.815104, 0.92037], [0.802604, 0.901852], [0.786458, 0.891667]],
    [[0.763542, 0.891667], [0.745833, 0.893519], [0.721875, 0.910185], [0.703646, 0.923148], [0.691146, 0.952778], [0.669792, 0.971296], [0.638542, 0.992593]],
    [[0.625521, 0.992593], [0.601562, 0.987037], [0.584896, 0.968519], [0.564583, 0.946296], [0.553646, 0.925], [0.536458, 0.910185], [0.523958, 0.898148]],
    [[0.506771, 0.898148], [0.486979, 0.897222], [0.473958, 0.899074], [0.453646, 0.913889], [0.428646, 0.935185], [0.414583, 0.948148], [0.395313, 0.969444]],
    [[0.380208, 0.977778], [0.335417, 0.977778], [0.307292, 0.965741], [0.288542, 0.95463], [0.269271, 0.934259], [0.246875, 0.92037], [0.231771, 0.894444]]
  ],
  "duration_millis" : 9255
}
